,artAbstract,artMain,artSec,artRarity,bestScore,eachScore
28,5星 深林的记忆 死之羽; 等级:0,主属性为:【攻击力】,副属性为: 元素精通--23; 防御力--16; 元素充能效率--6.5%; ,3.944727036475738,0.9955278881882664,"             buildName adaptScore difficulty
28   草主--通用--草套--<充精精>   0.995528   4.148208
12       万叶--风套--<精精精>   0.740426   4.148208
11  温迪--辅助--风套--<充风双暴>   0.740426   4.148208
10       温迪--风套--<精精精>   0.740426   4.148208"
137,5星 角斗士的终幕礼 空之杯; 等级:0,主属性为:【攻击力%】,副属性为: 防御力--19; 生命值%--4.1%; 暴击率--3.1%; 元素充能效率--5.8%; ,7.624167961465205,0.9272450079566633,"             buildName adaptScore difficulty
16  申鹤--攻击2、攻击2--<攻攻攻>   0.927245   5.985003"
109,5星 流浪大地的乐团 理之冠; 等级:0,主属性为:【生命值%】,副属性为: 元素精通--16; 元素充能效率--5.8%; 生命值--299; ,5.473430899495508,0.9131381345836928,"                buildName adaptScore difficulty
29   妮露--通用--千岩、乐团--<生生生>   0.913138   5.604893
23   钟离--盾辅--千岩、宗室--<生生生>   0.838603   5.505827
17  迪奥娜--祭礼--少女、千岩--<生生生>   0.838603   5.505827"
162,5星 被怜爱的少女 死之羽; 等级:0,主属性为:【攻击力】,副属性为: 元素充能效率--6.5%; 防御力%--5.8%; 生命值--209; 生命值%--4.7%; ,5.59568790285137,0.9053068065299205,"                buildName adaptScore difficulty
9       芭芭拉--少女、海染--<充生治>   0.905307   4.148208
17  迪奥娜--祭礼--少女、千岩--<生生生>   0.905307   4.148208
23   钟离--盾辅--千岩、宗室--<生生生>   0.650205   4.148208"
81,5星 追忆之注连 理之冠; 等级:0,主属性为:【暴击伤害】,副属性为: 攻击力%--4.7%; 元素精通--23; 元素充能效率--6.5%; 生命值--209; ,8.017099230362062,0.8919818812842895,"                buildName adaptScore difficulty
11     温迪--辅助--风套--<充风双暴>   0.891982   5.737433
20     皇女--如雷、攻击2--<攻雷双暴>   0.749248   6.194278
13  甘雨--通用--乐团、追忆--<攻冰双暴>   0.749248   6.194278
0      香菱--通用--绝缘--<充火双暴>    0.71347    6.69596
26         科莱--草套--<攻草双暴>    0.71347    6.69596
5      莫娜--通用--绝缘--<攻水双暴>    0.71347    6.69596
21         九条--绝缘--<充雷双暴>   0.668912   6.194278
18         雷神--绝缘--<充雷双暴>   0.668912   6.194278
15     绫华--永冻--冰风--<攻冰双暴>   0.668912   6.194278
6      莫娜--大招--宗室--<充水双暴>   0.668912   6.194278
19         刻晴--如雷--<攻雷双暴>   0.666141   6.194278
25        提纳里--饰金--<精草双暴>   0.666141   6.194278"
72,5星 追忆之注连 时之沙; 等级:0,主属性为:【防御力%】,副属性为: 生命值--269; 攻击力--16; 元素充能效率--6.5%; ,4.875790947085454,0.8670117912142589,"        buildName adaptScore difficulty
24  云堇--华馆--<防防防>   0.867012   5.332187"
150,5星 角斗士的终幕礼 空之杯; 等级:0,主属性为:【防御力%】,副属性为: 生命值--299; 元素充能效率--6.5%; 暴击伤害--7.8%; ,5.8842783478875225,0.8670117912142589,"        buildName adaptScore difficulty
24  云堇--华馆--<防防防>   0.867012   5.630042"
36,5星 深林的记忆 理之冠; 等级:0,主属性为:【生命值%】,副属性为: 防御力--21; 暴击伤害--5.4%; 防御力%--5.8%; 元素充能效率--6.5%; ,7.498774274503252,0.8670117912142589,"                buildName adaptScore difficulty
23   钟离--盾辅--千岩、宗室--<生生生>   0.867012   5.505827
17  迪奥娜--祭礼--少女、千岩--<生生生>   0.867012   5.505827
29   妮露--通用--千岩、乐团--<生生生>   0.686614   5.604893"
26,5星 饰金之梦 理之冠; 等级:0,主属性为:【生命值%】,副属性为: 元素充能效率--6.5%; 暴击伤害--7.8%; 防御力%--7.3%; ,6.1836630709144,0.8670117912142589,"                buildName adaptScore difficulty
23   钟离--盾辅--千岩、宗室--<生生生>   0.867012   5.505827
17  迪奥娜--祭礼--少女、千岩--<生生生>   0.867012   5.505827
29   妮露--通用--千岩、乐团--<生生生>   0.686614   5.604893"
144,5星 角斗士的终幕礼 空之杯; 等级:0,主属性为:【防御力%】,副属性为: 元素充能效率--6.5%; 生命值--239; 防御力--19; 攻击力--19; ,6.390556354723393,0.8670117912142589,"        buildName adaptScore difficulty
24  云堇--华馆--<防防防>   0.867012   5.630042"
107,5星 流浪大地的乐团 理之冠; 等级:0,主属性为:【生命值%】,副属性为: 暴击伤害--7.0%; 攻击力--16; 攻击力%--5.8%; 元素充能效率--6.5%; ,7.498774274503252,0.8670117912142589,"                buildName adaptScore difficulty
17  迪奥娜--祭礼--少女、千岩--<生生生>   0.867012   5.505827
23   钟离--盾辅--千岩、宗室--<生生生>   0.867012   5.505827
29   妮露--通用--千岩、乐团--<生生生>   0.792772   5.604893"
77,5星 追忆之注连 空之杯; 等级:0,主属性为:【防御力%】,副属性为: 暴击率--3.1%; 生命值--299; 元素充能效率--6.5%; ,5.8842783478875225,0.8670117912142589,"        buildName adaptScore difficulty
24  云堇--华馆--<防防防>   0.867012   5.630042"
41,5星 绝缘之旗印 时之沙; 等级:0,主属性为:【防御力%】,副属性为: 暴击伤害--5.4%; 元素充能效率--6.5%; 生命值--239; 攻击力--19; ,6.862589503447549,0.8670117912142589,"        buildName adaptScore difficulty
24  云堇--华馆--<防防防>   0.867012   5.332187"
151,5星 角斗士的终幕礼 理之冠; 等级:0,主属性为:【生命值%】,副属性为: 暴击伤害--7.8%; 元素充能效率--6.5%; 攻击力%--5.8%; 防御力%--5.1%; ,7.959182585398683,0.8670117912142589,"                buildName adaptScore difficulty
17  迪奥娜--祭礼--少女、千岩--<生生生>   0.867012   5.505827
23   钟离--盾辅--千岩、宗室--<生生生>   0.867012   5.505827
29   妮露--通用--千岩、乐团--<生生生>   0.686614   5.604893"
87,5星 沉沦之心 空之杯; 等级:0,主属性为:【防御力%】,副属性为: 元素充能效率--6.5%; 攻击力--18; 暴击伤害--6.2%; ,5.8842783478875225,0.8670117912142589,"        buildName adaptScore difficulty
24  云堇--华馆--<防防防>   0.867012   5.630042"
157,5星 角斗士的终幕礼 理之冠; 等级:0,主属性为:【生命值%】,副属性为: 生命值--239; 攻击力%--5.8%; 元素充能效率--6.5%; ,5.473430899495508,0.8670117912142589,"                buildName adaptScore difficulty
23   钟离--盾辅--千岩、宗室--<生生生>   0.867012   5.505827
17  迪奥娜--祭礼--少女、千岩--<生生生>   0.867012   5.505827
29   妮露--通用--千岩、乐团--<生生生>   0.686614   5.604893"
32,5星 深林的记忆 空之杯; 等级:0,主属性为:【生命值%】,副属性为: 暴击伤害--6.2%; 攻击力%--4.1%; 防御力%--7.3%; 元素精通--23; ,8.083397139601201,0.8625417371634897,"               buildName adaptScore difficulty
4      心海--纯辅--千岩--<生生治>   0.862542   5.630042
22        久岐忍--千岩--<生生治>   0.862542   5.630042
29  妮露--通用--千岩、乐团--<生生生>   0.683074   5.729108"
66,5星 追忆之注连 时之沙; 等级:0,主属性为:【生命值%】,副属性为: 元素精通--23; 防御力%--5.8%; 防御力--21; ,5.299112406057219,0.8625417371634897,"               buildName adaptScore difficulty
4      心海--纯辅--千岩--<生生治>   0.862542   5.331509
22        久岐忍--千岩--<生生治>   0.862542   5.331509
29  妮露--通用--千岩、乐团--<生生生>   0.683074   5.430575"
154,5星 角斗士的终幕礼 理之冠; 等级:0,主属性为:【攻击力%】,副属性为: 暴击率--2.7%; 防御力--19; 元素充能效率--4.5%; ,5.760063793685003,0.8614763029574976,"             buildName adaptScore difficulty
16  申鹤--攻击2、攻击2--<攻攻攻>   0.861476   5.859609"
100,5星 流浪大地的乐团 时之沙; 等级:0,主属性为:【元素充能效率】,副属性为: 生命值%--5.3%; 元素精通--21; 暴击率--3.5%; ,6.896274879505153,0.85731497747691,"               buildName adaptScore difficulty
1     班尼特--通用--宗室--<充生治>   0.857315   6.572221
9      芭芭拉--少女、海染--<充生治>   0.842186   6.218439
28     草主--通用--草套--<充精精>   0.839992   6.218439
11    温迪--辅助--风套--<充风双暴>   0.839992   6.218439
29  妮露--通用--千岩、乐团--<生生生>      0.766   5.430575"
48,5星 绝缘之旗印 空之杯; 等级:0,主属性为:【生命值%】,副属性为: 元素充能效率--5.8%; 元素精通--16; 暴击率--3.5%; 防御力--19; ,7.622988828705773,0.8546611004940342,"                buildName adaptScore difficulty
1      班尼特--通用--宗室--<充生治>   0.854661   5.983824
9       芭芭拉--少女、海染--<充生治>   0.838603   5.630042
23   钟离--盾辅--千岩、宗室--<生生生>   0.838603   5.630042
17  迪奥娜--祭礼--少女、千岩--<生生生>   0.838603   5.630042
29   妮露--通用--千岩、乐团--<生生生>   0.806981   5.729108
4       心海--纯辅--千岩--<生生治>   0.783617   5.630042
22         久岐忍--千岩--<生生治>   0.783617   5.630042"
60,5星 追忆之注连 生之花; 等级:0,主属性为:【生命值】,副属性为: 暴击率--3.9%; 攻击力%--4.1%; 元素充能效率--5.2%; ,4.660499105510488,0.8534075800482969,"             buildName adaptScore difficulty
16  申鹤--攻击2、攻击2--<攻攻攻>   0.853408   4.512733"
96,5星 流浪大地的乐团 时之沙; 等级:0,主属性为:【元素充能效率】,副属性为: 生命值%--4.1%; 生命值--299; 攻击力--16; 暴击率--3.9%; ,7.748842036317037,0.8439374883410584,"            buildName adaptScore difficulty
1  班尼特--通用--宗室--<充生治>   0.843937   6.572221
9   芭芭拉--少女、海染--<充生治>    0.78808   6.218439"
130,5星 角斗士的终幕礼 时之沙; 等级:0,主属性为:【元素充能效率】,副属性为: 生命值--209; 生命值%--5.3%; 攻击力%--5.3%; 防御力--21; ,7.4440542289167455,0.8421864700084496,"           buildName adaptScore difficulty
9  芭芭拉--少女、海染--<充生治>   0.842186   6.218439"
62,5星 追忆之注连 时之沙; 等级:0,主属性为:【生命值%】,副属性为: 防御力--16; 元素精通--21; 暴击伤害--7.8%; 生命值--299; ,6.861911734287994,0.8399917737733552,"               buildName adaptScore difficulty
4      心海--纯辅--千岩--<生生治>   0.839992   5.331509
22        久岐忍--千岩--<生生治>   0.839992   5.331509
29  妮露--通用--千岩、乐团--<生生生>   0.665216   5.430575"
147,5星 角斗士的终幕礼 空之杯; 等级:0,主属性为:【生命值%】,副属性为: 攻击力--16; 元素精通--21; 防御力%--7.3%; ,5.597645453698028,0.8399917737733552,"               buildName adaptScore difficulty
22        久岐忍--千岩--<生生治>   0.839992   5.630042
4      心海--纯辅--千岩--<生生治>   0.839992   5.630042
29  妮露--通用--千岩、乐团--<生生生>   0.665216   5.729108"
112,5星 翠绿之影 时之沙; 等级:0,主属性为:【生命值%】,副属性为: 元素精通--21; 攻击力%--5.3%; 暴击伤害--7.0%; ,6.00934457747611,0.8399917737733552,"               buildName adaptScore difficulty
4      心海--纯辅--千岩--<生生治>   0.839992   5.331509
22        久岐忍--千岩--<生生治>   0.839992   5.331509
29  妮露--通用--千岩、乐团--<生生生>   0.665216   5.430575"
111,5星 翠绿之影 时之沙; 等级:0,主属性为:【生命值%】,副属性为: 元素精通--21; 生命值--269; 防御力%--5.8%; 暴击伤害--5.4%; ,7.324455781064962,0.8399917737733552,"               buildName adaptScore difficulty
4      心海--纯辅--千岩--<生生治>   0.839992   5.331509
22        久岐忍--千岩--<生生治>   0.839992   5.331509
29  妮露--通用--千岩、乐团--<生生生>   0.665216   5.430575"
94,5星 流浪大地的乐团 时之沙; 等级:0,主属性为:【生命值%】,副属性为: 防御力--19; 元素精通--21; 暴击率--3.1%; 生命值--299; ,6.861911734287994,0.8399917737733552,"               buildName adaptScore difficulty
4      心海--纯辅--千岩--<生生治>   0.839992   5.331509
22        久岐忍--千岩--<生生治>   0.839992   5.331509
29  妮露--通用--千岩、乐团--<生生生>   0.771374   5.430575"
114,5星 翠绿之影 时之沙; 等级:0,主属性为:【防御力%】,副属性为: 元素精通--19; 元素充能效率--5.8%; 攻击力--18; ,5.299790175216773,0.8386031384256247,"        buildName adaptScore difficulty
24  云堇--华馆--<防防防>   0.838603   5.332187"
85,5星 追忆之注连 理之冠; 等级:0,主属性为:【生命值%】,副属性为: 防御力--21; 元素充能效率--5.8%; 暴击伤害--7.8%; ,5.760063793685003,0.8386031384256247,"                buildName adaptScore difficulty
23   钟离--盾辅--千岩、宗室--<生生生>   0.838603   5.505827
17  迪奥娜--祭礼--少女、千岩--<生生生>   0.838603   5.505827
29   妮露--通用--千岩、乐团--<生生生>   0.664117   5.604893"
128,5星 角斗士的终幕礼 时之沙; 等级:0,主属性为:【元素精通】,副属性为: 攻击力--14; 生命值--299; 生命值%--4.1%; 元素充能效率--5.8%; ,7.4440542289167455,0.8386031384256247,"        buildName adaptScore difficulty
10  温迪--风套--<精精精>   0.838603   6.218439
12  万叶--风套--<精精精>   0.838603   6.218439"
53,5星 绝缘之旗印 理之冠; 等级:0,主属性为:【生命值%】,副属性为: 防御力--23; 攻击力--19; 生命值--239; 元素充能效率--5.8%; ,6.266341800520873,0.8386031384256247,"                buildName adaptScore difficulty
23   钟离--盾辅--千岩、宗室--<生生生>   0.838603   5.505827
17  迪奥娜--祭礼--少女、千岩--<生生生>   0.838603   5.505827
29   妮露--通用--千岩、乐团--<生生生>   0.664117   5.604893"
50,5星 绝缘之旗印 空之杯; 等级:0,主属性为:【防御力%】,副属性为: 攻击力%--4.1%; 元素充能效率--5.8%; 生命值--269; ,5.597645453698028,0.8386031384256247,"        buildName adaptScore difficulty
24  云堇--华馆--<防防防>   0.838603   5.630042"
84,5星 追忆之注连 理之冠; 等级:0,主属性为:【防御力%】,副属性为: 防御力--19; 生命值--239; 元素充能效率--5.8%; ,5.0494316713641885,0.8386031384256247,"        buildName adaptScore difficulty
24  云堇--华馆--<防防防>   0.838603   5.505827"
42,5星 绝缘之旗印 时之沙; 等级:0,主属性为:【防御力%】,副属性为: 生命值--209; 生命值%--5.8%; 防御力--21; 元素充能效率--5.8%; ,6.557801696047258,0.8386031384256247,"        buildName adaptScore difficulty
24  云堇--华馆--<防防防>   0.838603   5.332187"
101,5星 流浪大地的乐团 时之沙; 等级:0,主属性为:【元素精通】,副属性为: 攻击力--16; 元素充能效率--5.8%; 生命值--269; ,5.762043479954942,0.8386031384256247,"        buildName adaptScore difficulty
10  温迪--风套--<精精精>   0.838603   6.218439
12  万叶--风套--<精精精>   0.838603   6.218439"
56,5星 绝缘之旗印 理之冠; 等级:0,主属性为:【防御力%】,副属性为: 攻击力--16; 元素充能效率--5.8%; 生命值%--4.7%; ,5.473430899495508,0.8386031384256247,"        buildName adaptScore difficulty
24  云堇--华馆--<防防防>   0.838603   5.505827"
45,5星 绝缘之旗印 时之沙; 等级:0,主属性为:【防御力%】,副属性为: 攻击力--14; 元素充能效率--5.8%; 攻击力%--4.1%; ,5.299790175216773,0.8386031384256247,"        buildName adaptScore difficulty
24  云堇--华馆--<防防防>   0.838603   5.332187"
18,5星 饰金之梦 时之沙; 等级:0,主属性为:【防御力%】,副属性为: 攻击力%--4.7%; 元素充能效率--5.8%; 攻击力--14; ,5.299790175216773,0.8386031384256247,"        buildName adaptScore difficulty
24  云堇--华馆--<防防防>   0.838603   5.332187"
30,5星 深林的记忆 时之沙; 等级:0,主属性为:【防御力%】,副属性为: 元素精通--16; 生命值--239; 元素充能效率--5.8%; ,5.299790175216773,0.8386031384256247,"        buildName adaptScore difficulty
24  云堇--华馆--<防防防>   0.838603   5.332187"
23,5星 饰金之梦 理之冠; 等级:0,主属性为:【防御力%】,副属性为: 生命值%--4.7%; 攻击力%--4.1%; 元素充能效率--5.8%; ,5.897114308062479,0.8386031384256247,"        buildName adaptScore difficulty
24  云堇--华馆--<防防防>   0.838603   5.505827"
145,5星 角斗士的终幕礼 空之杯; 等级:0,主属性为:【生命值%】,副属性为: 防御力%--6.6%; 元素充能效率--5.8%; 防御力--16; 生命值--299; ,6.855656974528512,0.8386031384256247,"                buildName adaptScore difficulty
9       芭芭拉--少女、海染--<充生治>   0.838603   5.630042
23   钟离--盾辅--千岩、宗室--<生生生>   0.838603   5.630042
17  迪奥娜--祭礼--少女、千岩--<生生生>   0.838603   5.630042
29   妮露--通用--千岩、乐团--<生生生>   0.664117   5.729108"
155,5星 角斗士的终幕礼 理之冠; 等级:0,主属性为:【生命值%】,副属性为: 防御力%--6.6%; 元素充能效率--5.8%; 防御力--23; ,5.473430899495508,0.8386031384256247,"                buildName adaptScore difficulty
17  迪奥娜--祭礼--少女、千岩--<生生生>   0.838603   5.505827
23   钟离--盾辅--千岩、宗室--<生生生>   0.838603   5.505827
29   妮露--通用--千岩、乐团--<生生生>   0.664117   5.604893"
51,5星 绝缘之旗印 空之杯; 等级:0,主属性为:【生命值%】,副属性为: 元素充能效率--5.2%; 暴击率--3.5%; 防御力--23; ,5.8842783478875225,0.8366268690195444,"                buildName adaptScore difficulty
1      班尼特--通用--宗室--<充生治>   0.836627   5.983824
23   钟离--盾辅--千岩、宗室--<生生生>   0.814253   5.630042
9       芭芭拉--少女、海染--<充生治>   0.814253   5.630042
17  迪奥娜--祭礼--少女、千岩--<生生生>   0.814253   5.630042"
116,5星 翠绿之影 空之杯; 等级:0,主属性为:【生命值%】,副属性为: 暴击伤害--7.8%; 防御力--16; 元素精通--19; ,5.8842783478875225,0.8174418103832208,"            buildName adaptScore difficulty
4   心海--纯辅--千岩--<生生治>   0.817442   5.630042
22     久岐忍--千岩--<生生治>   0.817442   5.630042"
102,5星 流浪大地的乐团 时之沙; 等级:0,主属性为:【生命值%】,副属性为: 元素精通--19; 防御力%--7.3%; 防御力--21; ,5.299112406057219,0.8174418103832208,"               buildName adaptScore difficulty
4      心海--纯辅--千岩--<生生治>   0.817442   5.331509
22        久岐忍--千岩--<生生治>   0.817442   5.331509
29  妮露--通用--千岩、乐团--<生生生>   0.753515   5.430575"
7,5星 绝缘之旗印 空之杯; 等级:4,主属性为:【生命值%】,副属性为: 元素精通--19; 攻击力%--5.3%; 暴击伤害--14.8%; 防御力--19; ,7.622988828705773,0.8174418103832208,"             buildName adaptScore difficulty
4    心海--纯辅--千岩--<生生治>   0.817442   5.630042
22      久岐忍--千岩--<生生治>   0.817442   5.630042
2   夜兰--通用--绝缘--<充水双暴>   0.666481       10.0
3   夜兰--通用--绝缘--<生水暴率>   0.666481       10.0"
35,5星 深林的记忆 空之杯; 等级:0,主属性为:【生命值%】,副属性为: 元素充能效率--5.2%; 生命值--299; 元素精通--19; ,5.597645453698028,0.8174418103832208,"                buildName adaptScore difficulty
4       心海--纯辅--千岩--<生生治>   0.817442   5.630042
22         久岐忍--千岩--<生生治>   0.817442   5.630042
29   妮露--通用--千岩、乐团--<生生生>   0.814484   5.729108
23   钟离--盾辅--千岩、宗室--<生生生>   0.814253   5.630042
9       芭芭拉--少女、海染--<充生治>   0.814253   5.630042
17  迪奥娜--祭礼--少女、千岩--<生生生>   0.814253   5.630042"
89,5星 昔日宗室之仪 时之沙; 等级:0,主属性为:【生命值%】,副属性为: 防御力--19; 元素精通--19; 攻击力--19; ,4.875113177925899,0.8174418103832208,"               buildName adaptScore difficulty
4      心海--纯辅--千岩--<生生治>   0.817442   5.331509
22        久岐忍--千岩--<生生治>   0.817442   5.331509
23  钟离--盾辅--千岩、宗室--<生生生>   0.737265   5.331509"
108,5星 流浪大地的乐团 理之冠; 等级:0,主属性为:【治疗加成】,副属性为: 元素精通--19; 防御力--16; 生命值%--4.7%; ,6.4803060510913175,0.8151815949679135,"            buildName adaptScore difficulty
22     久岐忍--千岩--<生生治>   0.815182    6.64554
4   心海--纯辅--千岩--<生生治>   0.815182    6.64554"
160,5星 角斗士的终幕礼 理之冠; 等级:0,主属性为:【治疗加成】,副属性为: 元素精通--19; 生命值%--4.7%; 元素充能效率--4.5%; ,6.897546233114581,0.8151815949679135,"            buildName adaptScore difficulty
4   心海--纯辅--千岩--<生生治>   0.815182    6.64554
22     久岐忍--千岩--<生生治>   0.815182    6.64554
9   芭芭拉--少女、海染--<充生治>   0.790158    6.64554"
142,5星 角斗士的终幕礼 空之杯; 等级:0,主属性为:【防御力%】,副属性为: 生命值--239; 元素充能效率--5.2%; 生命值%--4.1%; 防御力--21; ,6.855656974528512,0.8142528646067957,"        buildName adaptScore difficulty
24  云堇--华馆--<防防防>   0.814253   5.630042"
20,5星 饰金之梦 时之沙; 等级:0,主属性为:【元素精通】,副属性为: 防御力%--6.6%; 元素充能效率--5.2%; 防御力--21; ,6.18604270808626,0.8142528646067957,"        buildName adaptScore difficulty
12  万叶--风套--<精精精>   0.814253   6.218439
10  温迪--风套--<精精精>   0.814253   6.218439"
79,5星 追忆之注连 空之杯; 等级:0,主属性为:【防御力%】,副属性为: 攻击力--18; 防御力--16; 元素充能效率--5.2%; ,5.173646225566708,0.8142528646067957,"        buildName adaptScore difficulty
24  云堇--华馆--<防防防>   0.814253   5.630042"
63,5星 追忆之注连 时之沙; 等级:0,主属性为:【生命值%】,副属性为: 暴击伤害--7.0%; 生命值--299; 攻击力%--5.3%; 元素充能效率--5.2%; ,7.324455781064962,0.8142528646067957,"                buildName adaptScore difficulty
17  迪奥娜--祭礼--少女、千岩--<生生生>   0.814253   5.331509
23   钟离--盾辅--千岩、宗室--<生生生>   0.814253   5.331509
3      夜兰--通用--绝缘--<生水暴率>   0.697256   6.633306"
37,5星 深林的记忆 理之冠; 等级:0,主属性为:【防御力%】,副属性为: 暴击伤害--7.0%; 元素充能效率--5.2%; 生命值%--5.3%; 攻击力--19; ,7.498774274503252,0.8142528646067957,"        buildName adaptScore difficulty
24  云堇--华馆--<防防防>   0.814253   5.505827"
97,5星 流浪大地的乐团 时之沙; 等级:0,主属性为:【防御力%】,副属性为: 元素充能效率--5.2%; 攻击力--18; 暴击伤害--5.4%; 暴击率--2.7%; ,7.629008165227136,0.8142528646067957,"        buildName adaptScore difficulty
24  云堇--华馆--<防防防>   0.814253   5.332187"
153,5星 角斗士的终幕礼 理之冠; 等级:0,主属性为:【防御力%】,副属性为: 防御力--19; 元素精通--23; 元素充能效率--5.2%; ,5.473430899495508,0.8142528646067957,"        buildName adaptScore difficulty
24  云堇--华馆--<防防防>   0.814253   5.505827"
44,5星 绝缘之旗印 时之沙; 等级:0,主属性为:【防御力%】,副属性为: 攻击力--16; 暴击伤害--7.0%; 元素充能效率--5.2%; ,5.586423069406268,0.8142528646067957,"        buildName adaptScore difficulty
24  云堇--华馆--<防防防>   0.814253   5.332187"
156,5星 角斗士的终幕礼 理之冠; 等级:0,主属性为:【生命值%】,副属性为: 攻击力%--5.3%; 元素充能效率--5.2%; 生命值--269; ,5.473430899495508,0.8142528646067957,"                buildName adaptScore difficulty
23   钟离--盾辅--千岩、宗室--<生生生>   0.814253   5.505827
17  迪奥娜--祭礼--少女、千岩--<生生生>   0.814253   5.505827"
46,5星 绝缘之旗印 时之沙; 等级:0,主属性为:【防御力%】,副属性为: 暴击率--2.7%; 元素充能效率--5.2%; 攻击力%--4.7%; ,6.010022346635666,0.8142528646067957,"        buildName adaptScore difficulty
24  云堇--华馆--<防防防>   0.814253   5.332187"
65,5星 追忆之注连 时之沙; 等级:0,主属性为:【防御力%】,副属性为: 元素充能效率--5.2%; 暴击率--3.9%; 生命值%--5.8%; ,6.010022346635666,0.8142528646067957,"        buildName adaptScore difficulty
24  云堇--华馆--<防防防>   0.814253   5.332187"
34,5星 深林的记忆 空之杯; 等级:0,主属性为:【攻击力%】,副属性为: 暴击率--3.1%; 元素充能效率--5.2%; 攻击力--16; ,5.885457480646957,0.8099323322151067,"             buildName adaptScore difficulty
16  申鹤--攻击2、攻击2--<攻攻攻>   0.809932   5.985003"
10,5星 追忆之注连 时之沙; 等级:4,主属性为:【攻击力%】,副属性为: 防御力%--6.6%; 生命值--209; 暴击率--3.9%; 生命值%--4.1%; ,7.325133550224518,0.8063031773121364,"             buildName adaptScore difficulty
16  申鹤--攻击2、攻击2--<攻攻攻>   0.806303   5.685969
14  甘雨--永冻--冰风--<攻冰暴伤>      0.664    5.94173"
133,5星 角斗士的终幕礼 时之沙; 等级:0,主属性为:【攻击力%】,副属性为: 生命值%--5.3%; 暴击率--3.9%; 生命值--299; ,5.586423069406268,0.8063031773121364,"             buildName adaptScore difficulty
16  申鹤--攻击2、攻击2--<攻攻攻>   0.806303   5.685969
14  甘雨--永冻--冰风--<攻冰暴伤>      0.664    5.94173"
132,5星 角斗士的终幕礼 时之沙; 等级:0,主属性为:【攻击力%】,副属性为: 防御力--23; 暴击率--3.9%; 生命值%--5.3%; ,5.586423069406268,0.8063031773121364,"             buildName adaptScore difficulty
16  申鹤--攻击2、攻击2--<攻攻攻>   0.806303   5.685969
14  甘雨--永冻--冰风--<攻冰暴伤>      0.664    5.94173"
104,5星 流浪大地的乐团 空之杯; 等级:0,主属性为:【攻击力%】,副属性为: 生命值--299; 元素充能效率--5.8%; 暴击率--2.7%; ,5.885457480646957,0.8012720268851588,"             buildName adaptScore difficulty
16  申鹤--攻击2、攻击2--<攻攻攻>   0.801272   5.985003"
27,5星 深林的记忆 死之羽; 等级:0,主属性为:【攻击力】,副属性为: 元素精通--21; 生命值%--5.3%; 攻击力%--5.3%; 元素充能效率--4.5%; ,6.064032849278272,0.798147054212428,"               buildName adaptScore difficulty
28     草主--通用--草套--<充精精>   0.798147   4.148208
29  妮露--通用--千岩、乐团--<生生生>   0.665212   4.227362
4      心海--纯辅--千岩--<生生治>   0.650268   4.148208
22        久岐忍--千岩--<生生治>   0.650268   4.148208"
120,5星 翠绿之影 理之冠; 等级:0,主属性为:【暴击伤害】,副属性为: 防御力--19; 元素充能效率--6.5%; 生命值--239; ,5.840483691368066,0.792771545908532,"             buildName adaptScore difficulty
11  温迪--辅助--风套--<充风双暴>   0.792772   5.737433"
68,5星 追忆之注连 时之沙; 等级:0,主属性为:【元素充能效率】,副属性为: 攻击力%--5.8%; 攻击力--14; 暴击率--3.5%; ,6.472675602275755,0.7912796180628081,"             buildName adaptScore difficulty
16  申鹤--攻击2、攻击2--<攻攻攻>    0.79128   5.685969
21      九条--绝缘--<充雷双暴>      0.694   7.030681
18      雷神--绝缘--<充雷双暴>      0.694   7.030681
6   莫娜--大招--宗室--<充水双暴>      0.694   7.030681
1   班尼特--通用--宗室--<充生治>    0.68033   6.572221"
31,5星 深林的记忆 时之沙; 等级:0,主属性为:【元素充能效率】,副属性为: 生命值%--4.1%; 防御力%--6.6%; 生命值--269; ,6.18604270808626,0.7880802107258443,"            buildName adaptScore difficulty
9   芭芭拉--少女、海染--<充生治>    0.78808   6.218439
28  草主--通用--草套--<充精精>   0.737265   6.218439"
149,5星 角斗士的终幕礼 空之杯; 等级:0,主属性为:【防御力%】,副属性为: 元素充能效率--4.5%; 生命值--209; 防御力--23; ,5.173646225566708,0.7858442118181619,"        buildName adaptScore difficulty
24  云堇--华馆--<防防防>   0.785844   5.630042"
146,5星 角斗士的终幕礼 空之杯; 等级:0,主属性为:【防御力%】,副属性为: 暴击率--3.9%; 攻击力--14; 元素充能效率--4.5%; ,5.8842783478875225,0.7858442118181619,"        buildName adaptScore difficulty
24  云堇--华馆--<防防防>   0.785844   5.630042"
136,5星 角斗士的终幕礼 时之沙; 等级:0,主属性为:【防御力%】,副属性为: 暴击率--3.5%; 元素充能效率--4.5%; 攻击力%--5.8%; ,6.010022346635666,0.7858442118181619,"        buildName adaptScore difficulty
24  云堇--华馆--<防防防>   0.785844   5.332187"
22,5星 饰金之梦 空之杯; 等级:0,主属性为:【生命值%】,副属性为: 攻击力--14; 元素充能效率--4.5%; 攻击力%--5.3%; ,5.597645453698028,0.7858442118181619,"                buildName adaptScore difficulty
23   钟离--盾辅--千岩、宗室--<生生生>   0.785844   5.630042
9       芭芭拉--少女、海染--<充生治>   0.785844   5.630042
17  迪奥娜--祭礼--少女、千岩--<生生生>   0.785844   5.630042"
58,5星 绝缘之旗印 理之冠; 等级:0,主属性为:【生命值%】,副属性为: 暴击伤害--7.8%; 防御力%--7.3%; 元素充能效率--4.5%; ,6.1836630709144,0.7858442118181619,"                buildName adaptScore difficulty
23   钟离--盾辅--千岩、宗室--<生生生>   0.785844   5.505827
17  迪奥娜--祭礼--少女、千岩--<生生生>   0.785844   5.505827"
25,5星 饰金之梦 理之冠; 等级:0,主属性为:【防御力%】,副属性为: 生命值--209; 暴击率--3.5%; 元素充能效率--4.5%; ,5.760063793685003,0.7858442118181619,"        buildName adaptScore difficulty
24  云堇--华馆--<防防防>   0.785844   5.505827"
55,5星 绝缘之旗印 理之冠; 等级:0,主属性为:【生命值%】,副属性为: 生命值--269; 暴击伤害--7.0%; 元素充能效率--4.5%; ,5.760063793685003,0.7858442118181619,"                buildName adaptScore difficulty
23   钟离--盾辅--千岩、宗室--<生生生>   0.785844   5.505827
17  迪奥娜--祭礼--少女、千岩--<生生生>   0.785844   5.505827"
82,5星 追忆之注连 理之冠; 等级:0,主属性为:【防御力%】,副属性为: 生命值--209; 防御力--23; 元素充能效率--4.5%; ,5.0494316713641885,0.7858442118181619,"        buildName adaptScore difficulty
24  云堇--华馆--<防防防>   0.785844   5.505827"
71,5星 追忆之注连 时之沙; 等级:0,主属性为:【生命值%】,副属性为: 暴击率--3.1%; 元素精通--16; 攻击力%--5.3%; ,6.00934457747611,0.7836168652980192,"            buildName adaptScore difficulty
4   心海--纯辅--千岩--<生生治>   0.783617   5.331509
22     久岐忍--千岩--<生生治>   0.783617   5.331509"
67,5星 追忆之注连 时之沙; 等级:0,主属性为:【生命值%】,副属性为: 攻击力%--5.3%; 元素精通--16; 防御力%--7.3%; ,5.722795814624189,0.7836168652980192,"            buildName adaptScore difficulty
4   心海--纯辅--千岩--<生生治>   0.783617   5.331509
22     久岐忍--千岩--<生生治>   0.783617   5.331509"
29,5星 深林的记忆 时之沙; 等级:0,主属性为:【生命值%】,副属性为: 攻击力%--5.8%; 暴击伤害--5.4%; 元素精通--16; ,6.00934457747611,0.7836168652980192,"            buildName adaptScore difficulty
4   心海--纯辅--千岩--<生生治>   0.783617   5.331509
22     久岐忍--千岩--<生生治>   0.783617   5.331509"
99,5星 流浪大地的乐团 时之沙; 等级:0,主属性为:【生命值%】,副属性为: 攻击力--16; 攻击力%--5.3%; 元素精通--16; 防御力--21; ,6.557123926887702,0.7836168652980192,"               buildName adaptScore difficulty
4      心海--纯辅--千岩--<生生治>   0.783617   5.331509
22        久岐忍--千岩--<生生治>   0.783617   5.331509
29  妮露--通用--千岩、乐团--<生生生>   0.726728   5.430575"
52,5星 绝缘之旗印 空之杯; 等级:0,主属性为:【生命值%】,副属性为: 防御力--19; 攻击力--19; 元素精通--16; ,5.173646225566708,0.7836168652980192,"            buildName adaptScore difficulty
4   心海--纯辅--千岩--<生生治>   0.783617   5.630042
22     久岐忍--千岩--<生生治>   0.783617   5.630042"
43,5星 绝缘之旗印 时之沙; 等级:0,主属性为:【元素充能效率】,副属性为: 元素精通--16; 防御力--21; 生命值--299; ,5.762043479954942,0.7836168652980192,"             buildName adaptScore difficulty
28   草主--通用--草套--<充精精>   0.783617   6.218439
11  温迪--辅助--风套--<充风双暴>   0.783617   6.218439"
138,5星 角斗士的终幕礼 空之杯; 等级:0,主属性为:【攻击力%】,副属性为: 生命值--239; 生命值%--5.3%; 元素精通--16; 暴击率--3.5%; ,7.624167961465205,0.7796086405076987,"             buildName adaptScore difficulty
16  申鹤--攻击2、攻击2--<攻攻攻>   0.779609   5.985003"
24,5星 饰金之梦 理之冠; 等级:0,主属性为:【暴击率】,副属性为: 攻击力%--5.3%; 元素精通--23; 防御力%--6.6%; ,6.6846183431334945,0.7660199079093492,"                buildName adaptScore difficulty
25        提纳里--饰金--<精草双暴>    0.76602   6.194278
11     温迪--辅助--风套--<充风双暴>   0.683074   5.737433
27         草神--草套--<精精暴率>   0.682913   6.820748
13  甘雨--通用--乐团、追忆--<攻冰双暴>   0.682913   6.194278
20     皇女--如雷、攻击2--<攻雷双暴>   0.682913   6.194278
19         刻晴--如雷--<攻雷双暴>   0.682913   6.194278"
124,5星 角斗士的终幕礼 死之羽; 等级:0,主属性为:【攻击力】,副属性为: 元素充能效率--5.8%; 暴击率--2.7%; 元素精通--23; 生命值%--5.3%; ,6.370368050364477,0.7607571153329642,"               buildName adaptScore difficulty
29  妮露--通用--千岩、乐团--<生生生>   0.760757   4.227362
4      心海--纯辅--千岩--<生生治>   0.693182   4.148208
22        久岐忍--千岩--<生生治>   0.693182   4.148208
28     草主--通用--草套--<充精精>   0.686362   4.148208
10         温迪--风套--<精精精>   0.686362   4.148208
11    温迪--辅助--风套--<充风双暴>   0.686362   4.148208
12         万叶--风套--<精精精>   0.686362   4.148208
1     班尼特--通用--宗室--<充生治>   0.666444   4.512733"
141,5星 角斗士的终幕礼 空之杯; 等级:0,主属性为:【攻击力%】,副属性为: 生命值%--5.8%; 攻击力--14; 元素精通--23; 暴击率--3.1%; ,7.624167961465205,0.752914103703261,"             buildName adaptScore difficulty
16  申鹤--攻击2、攻击2--<攻攻攻>   0.752914   5.985003"
113,5星 翠绿之影 时之沙; 等级:0,主属性为:【元素充能效率】,副属性为: 攻击力%--4.1%; 暴击伤害--6.2%; 防御力%--6.6%; ,6.896274879505153,0.7372654155495978,"             buildName adaptScore difficulty
11  温迪--辅助--风套--<充风双暴>   0.737265   6.218439"
163,5星 被怜爱的少女 理之冠; 等级:0,主属性为:【生命值%】,副属性为: 攻击力%--4.7%; 攻击力--14; 元素精通--19; ,5.473430899495508,0.7372654155495978,"                buildName adaptScore difficulty
17  迪奥娜--祭礼--少女、千岩--<生生生>   0.737265   5.505827"
17,5星 饰金之梦 死之羽; 等级:0,主属性为:【攻击力】,副属性为: 生命值%--5.8%; 生命值--269; 元素精通--23; ,3.944727036475738,0.7360848762175422,"            buildName adaptScore difficulty
4   心海--纯辅--千岩--<生生治>   0.736085   4.148208
22     久岐忍--千岩--<生生治>   0.736085   4.148208"
3,5星 绝缘之旗印 死之羽; 等级:4,主属性为:【攻击力】,副属性为: 生命值%--5.3%; 元素精通--21; 暴击率--3.1%; 元素充能效率--5.8%; ,6.370368050364476,0.732147808038678,"               buildName adaptScore difficulty
29  妮露--通用--千岩、乐团--<生生生>   0.732148   4.227362
1     班尼特--通用--宗室--<充生治>   0.707604   4.512733
4      心海--纯辅--千岩--<生生治>   0.650268   4.148208
22        久岐忍--千岩--<生生治>   0.650268   4.148208"
5,5星 绝缘之旗印 死之羽; 等级:4,主属性为:【攻击力】,副属性为: 暴击率--3.9%; 生命值%--4.7%; 元素充能效率--5.2%; 防御力--19; ,5.902926648203014,0.7312243944528164,"            buildName adaptScore difficulty
1  班尼特--通用--宗室--<充生治>   0.731224   4.512733"
158,5星 角斗士的终幕礼 理之冠; 等级:0,主属性为:【攻击力%】,副属性为: 防御力%--7.3%; 攻击力--19; 暴击率--2.7%; ,5.760063793685003,0.7262195668988233,"             buildName adaptScore difficulty
16  申鹤--攻击2、攻击2--<攻攻攻>    0.72622   5.859609"
0,5星 饰金之梦 时之沙; 等级:4,主属性为:【元素精通】,副属性为: 暴击率--3.1%; 攻击力%--4.7%; 防御力%--5.1%; 防御力--21; ,8.211386083094004,0.7224672814353459,"          buildName adaptScore difficulty
25  提纳里--饰金--<精草双暴>   0.722467   7.030681"
129,5星 角斗士的终幕礼 时之沙; 等级:0,主属性为:【元素充能效率】,副属性为: 暴击率--2.7%; 防御力--23; 攻击力%--5.3%; 生命值--299; ,7.748842036317037,0.721193866978812,"             buildName adaptScore difficulty
16  申鹤--攻击2、攻击2--<攻攻攻>   0.721194   5.685969"
134,5星 角斗士的终幕礼 时之沙; 等级:0,主属性为:【攻击力%】,副属性为: 攻击力--14; 元素充能效率--5.8%; 生命值--269; ,4.875790947085454,0.7203623477222707,"             buildName adaptScore difficulty
16  申鹤--攻击2、攻击2--<攻攻攻>   0.720362   5.685969"
4,5星 绝缘之旗印 死之羽; 等级:4,主属性为:【攻击力】,副属性为: 防御力--16; 暴击率--3.9%; 攻击力%--5.8%; 元素精通--23; ,5.902926648203013,0.7115178191805654,"            buildName adaptScore difficulty
0  香菱--通用--绝缘--<充火双暴>   0.711518   6.676374
5  莫娜--通用--绝缘--<攻水双暴>   0.711518   6.676374
8  行秋--大招--绝缘--<充水暴率>   0.711518   6.676374"
105,5星 流浪大地的乐团 空之杯; 等级:0,主属性为:【攻击力%】,副属性为: 生命值--269; 暴击率--3.9%; 防御力%--6.6%; ,5.885457480646957,0.7070247330450695,"             buildName adaptScore difficulty
16  申鹤--攻击2、攻击2--<攻攻攻>   0.707025   5.985003"
57,5星 绝缘之旗印 理之冠; 等级:0,主属性为:【攻击力%】,副属性为: 攻击力--14; 暴击率--3.9%; 防御力--23; ,5.336027565406872,0.7070247330450695,"             buildName adaptScore difficulty
16  申鹤--攻击2、攻击2--<攻攻攻>   0.707025   5.859609"
119,5星 翠绿之影 理之冠; 等级:0,主属性为:【攻击力%】,副属性为: 防御力%--6.6%; 暴击率--3.9%; 生命值--299; ,5.760063793685003,0.7070247330450695,"             buildName adaptScore difficulty
16  申鹤--攻击2、攻击2--<攻攻攻>   0.707025   5.859609"
54,5星 绝缘之旗印 理之冠; 等级:0,主属性为:【攻击力%】,副属性为: 暴击率--3.9%; 元素精通--16; 生命值%--5.3%; ,6.1836630709144,0.7070247330450695,"             buildName adaptScore difficulty
16  申鹤--攻击2、攻击2--<攻攻攻>   0.707025   5.859609"
80,5星 追忆之注连 空之杯; 等级:0,主属性为:【生命值%】,副属性为: 攻击力%--5.3%; 防御力%--6.6%; 暴击率--3.9%; ,6.3078776251169195,0.7070247330450695,"            buildName adaptScore difficulty
1  班尼特--通用--宗室--<充生治>   0.707025   5.983824"
103,5星 流浪大地的乐团 空之杯; 等级:0,主属性为:【攻击力%】,副属性为: 攻击力--16; 防御力--21; 暴击率--3.9%; 元素精通--23; ,7.161623914688239,0.7070247330450695,"             buildName adaptScore difficulty
16  申鹤--攻击2、攻击2--<攻攻攻>   0.707025   5.985003"
75,5星 追忆之注连 空之杯; 等级:0,主属性为:【攻击力%】,副属性为: 元素充能效率--5.2%; 暴击伤害--7.8%; 防御力%--7.3%; 攻击力--14; ,7.624167961465207,0.7023281162477808,"             buildName adaptScore difficulty
16  申鹤--攻击2、攻击2--<攻攻攻>   0.702328   5.985003"
70,5星 追忆之注连 时之沙; 等级:0,主属性为:【攻击力%】,副属性为: 元素充能效率--5.2%; 攻击力--19; 生命值%--4.7%; ,5.299790175216773,0.7023281162477808,"             buildName adaptScore difficulty
16  申鹤--攻击2、攻击2--<攻攻攻>   0.702328   5.685969"
135,5星 角斗士的终幕礼 时之沙; 等级:0,主属性为:【攻击力%】,副属性为: 元素充能效率--5.2%; 攻击力--14; 生命值%--5.8%; ,5.299790175216773,0.7023281162477808,"             buildName adaptScore difficulty
16  申鹤--攻击2、攻击2--<攻攻攻>   0.702328   5.685969"
90,5星 流浪大地的乐团 生之花; 等级:0,主属性为:【生命值】,副属性为: 生命值%--5.3%; 元素充能效率--6.5%; 暴击伤害--7.0%; ,4.660499105510487,0.7016885277350524,"                buildName adaptScore difficulty
23   钟离--盾辅--千岩、宗室--<生生生>   0.701689   4.148208
17  迪奥娜--祭礼--少女、千岩--<生生生>   0.701689   4.148208
9       芭芭拉--少女、海染--<充生治>   0.701689   4.148208"
40,5星 绝缘之旗印 死之羽; 等级:0,主属性为:【攻击力】,副属性为: 生命值%--5.3%; 元素精通--16; 元素充能效率--6.5%; ,4.372288435871186,0.7016885277350524,"                buildName adaptScore difficulty
23   钟离--盾辅--千岩、宗室--<生生生>   0.701689   4.148208
17  迪奥娜--祭礼--少女、千岩--<生生生>   0.701689   4.148208
9       芭芭拉--少女、海染--<充生治>   0.701689   4.148208
29   妮露--通用--千岩、乐团--<生生生>   0.696667   4.227362"
16,5星 饰金之梦 生之花; 等级:0,主属性为:【生命值】,副属性为: 生命值%--5.3%; 防御力--21; 元素充能效率--6.5%; ,3.944727036475738,0.7016885277350524,"                buildName adaptScore difficulty
9       芭芭拉--少女、海染--<充生治>   0.701689   4.148208
23   钟离--盾辅--千岩、宗室--<生生生>   0.701689   4.148208
17  迪奥娜--祭礼--少女、千岩--<生生生>   0.701689   4.148208"
88,5星 昔日宗室之仪 死之羽; 等级:0,主属性为:【攻击力】,副属性为: 生命值--269; 元素充能效率--6.5%; 防御力--16; 元素精通--21; ,5.124890652752842,0.6975118864305105,"             buildName adaptScore difficulty
10       温迪--风套--<精精精>   0.697512   4.148208
28   草主--通用--草套--<充精精>   0.697512   4.148208
12       万叶--风套--<精精精>   0.697512   4.148208
11  温迪--辅助--风套--<充风双暴>   0.697512   4.148208"
126,5星 角斗士的终幕礼 死之羽; 等级:0,主属性为:【攻击力】,副属性为: 元素精通--21; 元素充能效率--6.5%; 生命值--269; ,3.944727036475738,0.6975118864305105,"             buildName adaptScore difficulty
28   草主--通用--草套--<充精精>   0.697512   4.148208
12       万叶--风套--<精精精>   0.697512   4.148208
11  温迪--辅助--风套--<充风双暴>   0.697512   4.148208
10       温迪--风套--<精精精>   0.697512   4.148208"
86,5星 沉沦之心 生之花; 等级:0,主属性为:【生命值】,副属性为: 暴击伤害--5.4%; 元素精通--21; 元素充能效率--6.5%; ,4.660499105510488,0.6975118864305105,"             buildName adaptScore difficulty
10       温迪--风套--<精精精>   0.697512   4.148208
28   草主--通用--草套--<充精精>   0.697512   4.148208
12       万叶--风套--<精精精>   0.697512   4.148208
11  温迪--辅助--风套--<充风双暴>   0.697512   4.148208"
91,5星 流浪大地的乐团 生之花; 等级:0,主属性为:【生命值】,副属性为: 元素精通--21; 攻击力--14; 元素充能效率--6.5%; ,3.944727036475738,0.6975118864305105,"             buildName adaptScore difficulty
28   草主--通用--草套--<充精精>   0.697512   4.148208
12       万叶--风套--<精精精>   0.697512   4.148208
11  温迪--辅助--风套--<充风双暴>   0.697512   4.148208
10       温迪--风套--<精精精>   0.697512   4.148208"
9,5星 追忆之注连 死之羽; 等级:4,主属性为:【攻击力】,副属性为: 攻击力%--5.8%; 元素精通--21; 暴击伤害--7.8%; 防御力--23; ,5.902926648203014,0.6933404982130583,"                buildName adaptScore difficulty
13  甘雨--通用--乐团、追忆--<攻冰双暴>    0.69334   5.221756
20     皇女--如雷、攻击2--<攻雷双暴>    0.69334   5.221756"
110,5星 翠绿之影 生之花; 等级:0,主属性为:【生命值】,副属性为: 生命值%--5.3%; 防御力--23; 攻击力--16; 元素精通--23; ,5.124890652752842,0.6931817411996601,"            buildName adaptScore difficulty
4   心海--纯辅--千岩--<生生治>   0.693182   4.148208
22     久岐忍--千岩--<生生治>   0.693182   4.148208"
61,5星 追忆之注连 死之羽; 等级:0,主属性为:【攻击力】,副属性为: 生命值--209; 元素精通--21; 生命值%--5.8%; ,3.944727036475738,0.6931709152761129,"            buildName adaptScore difficulty
22     久岐忍--千岩--<生生治>   0.693171   4.148208
4   心海--纯辅--千岩--<生生治>   0.693171   4.148208"
6,5星 绝缘之旗印 时之沙; 等级:4,主属性为:【生命值%】,副属性为: 攻击力%--5.8%; 生命值--239; 暴击伤害--7.8%; 防御力--23; ,6.861911734287995,0.6878977250397766,"            buildName adaptScore difficulty
3  夜兰--通用--绝缘--<生水暴率>   0.687898   6.633306"
2,5星 深林的记忆 空之杯; 等级:4,主属性为:【冰元素伤害加成】,副属性为: 暴击伤害--7.0%; 防御力%--5.8%; 攻击力%--4.7%; 元素精通--19; ,9.701822572635137,0.6851002653071872,"                buildName adaptScore difficulty
13  甘雨--通用--乐团、追忆--<攻冰双暴>     0.6851   8.545382
14     甘雨--永冻--冰风--<攻冰暴伤>   0.664973   7.961775"
83,5星 追忆之注连 理之冠; 等级:0,主属性为:【治疗加成】,副属性为: 生命值%--5.8%; 防御力--21; 攻击力%--5.8%; ,6.4803060510913175,0.6848079995258102,"            buildName adaptScore difficulty
9   芭芭拉--少女、海染--<充生治>   0.684808    6.64554
4   心海--纯辅--千岩--<生生治>   0.684808    6.64554
22     久岐忍--千岩--<生生治>   0.684808    6.64554"
121,5星 翠绿之影 理之冠; 等级:0,主属性为:【治疗加成】,副属性为: 防御力%--6.6%; 元素精通--23; 生命值--299; ,6.4803060510913175,0.6830744542717233,"            buildName adaptScore difficulty
4   心海--纯辅--千岩--<生生治>   0.683074    6.64554
22     久岐忍--千岩--<生生治>   0.683074    6.64554"
14,5星 翠绿之影 死之羽; 等级:4,主属性为:【攻击力】,副属性为: 暴击伤害--11.7%; 攻击力%--5.8%; 元素精通--16; 生命值--299; ,5.902926648203014,0.6814494866182931,"                buildName adaptScore difficulty
0      香菱--通用--绝缘--<充火双暴>   0.681449   6.676374
26         科莱--草套--<攻草双暴>   0.681449   6.676374
5      莫娜--通用--绝缘--<攻水双暴>   0.681449   6.676374
7   行秋--通用--宗室、水套--<充水暴率>   0.681449   6.676374
8      行秋--大招--绝缘--<充水暴率>   0.681449   6.676374
13  甘雨--通用--乐团、追忆--<攻冰双暴>   0.681449   5.221756
27         草神--草套--<精精暴率>   0.681449   5.221756
25        提纳里--饰金--<精草双暴>   0.681449   5.221756
20     皇女--如雷、攻击2--<攻雷双暴>   0.681449   5.221756
19         刻晴--如雷--<攻雷双暴>   0.681449   5.221756
14     甘雨--永冻--冰风--<攻冰暴伤>   0.680038   4.798228"
131,5星 角斗士的终幕礼 时之沙; 等级:0,主属性为:【攻击力%】,副属性为: 元素充能效率--4.5%; 生命值%--4.7%; 生命值--209; ,5.299790175216773,0.6812881795275426,"             buildName adaptScore difficulty
16  申鹤--攻击2、攻击2--<攻攻攻>   0.681288   5.685969"
69,5星 追忆之注连 时之沙; 等级:0,主属性为:【攻击力%】,副属性为: 防御力%--5.8%; 生命值--239; 元素充能效率--4.5%; ,5.299790175216773,0.6812881795275426,"             buildName adaptScore difficulty
16  申鹤--攻击2、攻击2--<攻攻攻>   0.681288   5.685969"
148,5星 角斗士的终幕礼 空之杯; 等级:0,主属性为:【攻击力%】,副属性为: 生命值%--4.7%; 元素精通--23; 元素充能效率--4.5%; ,6.022507995024433,0.6812881795275426,"             buildName adaptScore difficulty
16  申鹤--攻击2、攻击2--<攻攻攻>   0.681288   5.985003"
64,5星 追忆之注连 时之沙; 等级:0,主属性为:【元素精通】,副属性为: 暴击率--3.5%; 防御力--23; 攻击力%--5.3%; ,6.472675602275755,0.6807421647735754,"          buildName adaptScore difficulty
25  提纳里--饰金--<精草双暴>   0.680742   7.030681
27   草神--草套--<精精暴率>   0.680742   7.030681"
21,5星 饰金之梦 空之杯; 等级:0,主属性为:【攻击力%】,副属性为: 防御力--21; 暴击率--3.5%; 生命值--299; ,5.461421252368826,0.6803301962406318,"             buildName adaptScore difficulty
16  申鹤--攻击2、攻击2--<攻攻攻>    0.68033   5.985003"
106,5星 流浪大地的乐团 空之杯; 等级:0,主属性为:【攻击力%】,副属性为: 暴击率--3.5%; 防御力--19; 防御力%--5.8%; ,5.885457480646957,0.6803301962406318,"             buildName adaptScore difficulty
16  申鹤--攻击2、攻击2--<攻攻攻>    0.68033   5.985003"
117,5星 翠绿之影 空之杯; 等级:0,主属性为:【攻击力%】,副属性为: 攻击力--14; 防御力--21; 暴击率--3.5%; ,5.461421252368826,0.6803301962406318,"             buildName adaptScore difficulty
16  申鹤--攻击2、攻击2--<攻攻攻>    0.68033   5.985003"
39,5星 绝缘之旗印 生之花; 等级:0,主属性为:【生命值】,副属性为: 元素精通--23; 暴击率--3.9%; 防御力%--5.1%; 攻击力%--4.7%; ,6.370368050364477,0.671060512262717,"            buildName adaptScore difficulty
0  香菱--通用--绝缘--<充火双暴>   0.671061   6.676374
5  莫娜--通用--绝缘--<攻水双暴>   0.671061   6.676374
8  行秋--大招--绝缘--<充水暴率>   0.671061   6.676374"
15,5星 饰金之梦 生之花; 等级:0,主属性为:【生命值】,副属性为: 生命值%--4.1%; 暴击率--3.9%; 元素充能效率--4.5%; ,4.660499105510488,0.6678897604393141,"            buildName adaptScore difficulty
1  班尼特--通用--宗室--<充生治>    0.66789   4.512733"
161,5星 角斗士的终幕礼 理之冠; 等级:0,主属性为:【生命值%】,副属性为: 防御力--21; 元素精通--21; 攻击力--16; ,5.0494316713641885,0.6652164153236976,"               buildName adaptScore difficulty
29  妮露--通用--千岩、乐团--<生生生>   0.665216   5.604893"
159,5星 角斗士的终幕礼 理之冠; 等级:0,主属性为:【暴击率】,副属性为: 元素精通--21; 生命值--239; 生命值%--5.8%; ,6.262694634501396,0.6652164153236976,"             buildName adaptScore difficulty
11  温迪--辅助--风套--<充风双暴>   0.665216   5.737433"
78,5星 追忆之注连 空之杯; 等级:0,主属性为:【风元素伤害加成】,副属性为: 攻击力--16; 防御力%--7.3%; 元素精通--21; ,7.106776030051497,0.6652164153236976,"             buildName adaptScore difficulty
11  温迪--辅助--风套--<充风双暴>   0.665216    7.27201"
59,5星 绝缘之旗印 理之冠; 等级:0,主属性为:【生命值%】,副属性为: 元素精通--21; 生命值--299; 攻击力--16; ,5.0494316713641885,0.6652164153236976,"               buildName adaptScore difficulty
29  妮露--通用--千岩、乐团--<生生生>   0.665216   5.604893"
95,5星 流浪大地的乐团 时之沙; 等级:0,主属性为:【元素精通】,副属性为: 暴击率--3.5%; 生命值%--4.1%; 防御力--19; 攻击力%--4.7%; ,8.211386083094004,0.6648327741749549,"          buildName adaptScore difficulty
27   草神--草套--<精精暴率>   0.664833   7.030681
25  提纳里--饰金--<精草双暴>   0.664833   7.030681"
152,5星 角斗士的终幕礼 理之冠; 等级:0,主属性为:【暴击率】,副属性为: 生命值--299; 元素充能效率--5.8%; 攻击力--14; 防御力%--5.8%; ,7.557263960848009,0.6641167104729471,"             buildName adaptScore difficulty
11  温迪--辅助--风套--<充风双暴>   0.664117   5.737433"
125,5星 角斗士的终幕礼 死之羽; 等级:0,主属性为:【攻击力】,副属性为: 暴击率--3.5%; 攻击力%--5.8%; 元素精通--21; 防御力--23; ,5.902926648203014,0.6637221879676086,"             buildName adaptScore difficulty
20  皇女--如雷、攻击2--<攻雷双暴>   0.663722   5.221756
16  申鹤--攻击2、攻击2--<攻攻攻>   0.658786   4.512733"
92,5星 流浪大地的乐团 死之羽; 等级:0,主属性为:【攻击力】,副属性为: 暴击率--3.5%; 防御力--19; 元素充能效率--4.5%; 生命值%--4.7%; ,5.902926648203014,0.6576230429734031,"            buildName adaptScore difficulty
1  班尼特--通用--宗室--<充生治>   0.657623   4.512733"
93,5星 流浪大地的乐团 死之羽; 等级:0,主属性为:【攻击力】,副属性为: 元素充能效率--5.8%; 元素精通--21; 攻击力%--4.1%; 暴击伤害--6.2%; ,6.370368050364477,0.6546310631846999,"                buildName adaptScore difficulty
0      香菱--通用--绝缘--<充火双暴>   0.654631   6.676374
26         科莱--草套--<攻草双暴>   0.654631   6.676374
5      莫娜--通用--绝缘--<攻水双暴>   0.654631   6.676374
7   行秋--通用--宗室、水套--<充水暴率>   0.654631   6.676374
8      行秋--大招--绝缘--<充水暴率>   0.654631   6.676374"
74,5星 追忆之注连 空之杯; 等级:0,主属性为:【生命值%】,副属性为: 攻击力%--5.8%; 生命值--239; 防御力%--6.6%; 暴击率--3.1%; ,7.622988828705771,0.653635659436194,"            buildName adaptScore difficulty
1  班尼特--通用--宗室--<充生治>   0.653636   5.983824"
98,5星 流浪大地的乐团 时之沙; 等级:0,主属性为:【元素充能效率】,副属性为: 生命值--239; 防御力%--6.6%; 暴击率--3.1%; 防御力--21; ,7.748842036317037,0.653635659436194,"            buildName adaptScore difficulty
1  班尼特--通用--宗室--<充生治>   0.653636   6.572221"
38,5星 深林的记忆 理之冠; 等级:0,主属性为:【攻击力%】,副属性为: 暴击率--3.1%; 防御力--21; 攻击力--18; ,5.336027565406872,0.653635659436194,"             buildName adaptScore difficulty
16  申鹤--攻击2、攻击2--<攻攻攻>   0.653636   5.859609"
19,5星 饰金之梦 时之沙; 等级:0,主属性为:【攻击力%】,副属性为: 防御力%--5.8%; 暴击伤害--5.4%; 元素精通--23; ,6.010022346635666,0.650427942785493,"                buildName adaptScore difficulty
13  甘雨--通用--乐团、追忆--<攻冰双暴>   0.650428   6.144429
20     皇女--如雷、攻击2--<攻雷双暴>   0.650428   6.144429
19         刻晴--如雷--<攻雷双暴>   0.650428   6.144429"
127,5星 角斗士的终幕礼 死之羽; 等级:0,主属性为:【攻击力】,副属性为: 防御力--19; 元素精通--21; 生命值%--5.3%; ,3.944727036475738,0.6502677802582308,"            buildName adaptScore difficulty
4   心海--纯辅--千岩--<生生治>   0.650268   4.148208
22     久岐忍--千岩--<生生治>   0.650268   4.148208"
123,5星 角斗士的终幕礼 生之花; 等级:0,主属性为:【生命值】,副属性为: 攻击力--14; 元素精通--21; 生命值%--5.3%; ,3.944727036475738,0.6502677802582308,"            buildName adaptScore difficulty
4   心海--纯辅--千岩--<生生治>   0.650268   4.148208
22     久岐忍--千岩--<生生治>   0.650268   4.148208"
122,5星 角斗士的终幕礼 生之花; 等级:0,主属性为:【生命值】,副属性为: 攻击力--14; 元素充能效率--6.5%; 生命值%--4.7%; ,3.944727036475738,0.6502047657135939,"                buildName adaptScore difficulty
9       芭芭拉--少女、海染--<充生治>   0.650205   4.148208
23   钟离--盾辅--千岩、宗室--<生生生>   0.650205   4.148208
17  迪奥娜--祭礼--少女、千岩--<生生生>   0.650205   4.148208"
118,5星 翠绿之影 理之冠; 等级:0,主属性为:【治疗加成】,副属性为: 暴击伤害--5.4%; 生命值%--4.7%; 防御力--16; 攻击力%--5.3%; ,8.626421611981858,0.6455302249616686,"Empty DataFrame
Columns: [buildName, adaptScore, difficulty]
Index: []"
11,5星 追忆之注连 空之杯; 等级:4,主属性为:【水元素伤害加成】,副属性为: 暴击伤害--7.8%; 攻击力%--4.7%; 生命值--239; 防御力--16; ,8.802417704636888,0.5943529684483229,"Empty DataFrame
Columns: [buildName, adaptScore, difficulty]
Index: []"
12,5星 昔日宗室之仪 空之杯; 等级:4,主属性为:【雷元素伤害加成】,副属性为: 生命值--269; 攻击力%--5.3%; 暴击率--3.5%; 生命值%--5.8%; ,9.252891590942038,0.5896379076603184,"Empty DataFrame
Columns: [buildName, adaptScore, difficulty]
Index: []"
13,5星 流浪大地的乐团 空之杯; 等级:4,主属性为:【水元素伤害加成】,副属性为: 生命值--269; 暴击伤害--7.0%; 防御力--21; 生命值%--4.7%; ,8.802417704636888,0.5759792941969635,"Empty DataFrame
Columns: [buildName, adaptScore, difficulty]
Index: []"
115,5星 翠绿之影 空之杯; 等级:0,主属性为:【冰元素伤害加成】,副属性为: 元素充能效率--6.5%; 生命值%--5.8%; 攻击力--14; 攻击力%--5.8%; ,8.953923117647415,0.5748441361626824,"Empty DataFrame
Columns: [buildName, adaptScore, difficulty]
Index: []"
139,5星 角斗士的终幕礼 空之杯; 等级:0,主属性为:【水元素伤害加成】,副属性为: 暴击伤害--5.4%; 防御力--19; 攻击力%--5.8%; 攻击力--14; ,8.802417704636888,0.5644956904157274,"Empty DataFrame
Columns: [buildName, adaptScore, difficulty]
Index: []"
140,5星 角斗士的终幕礼 空之杯; 等级:0,主属性为:【草元素伤害加成】,副属性为: 元素精通--23; 攻击力--18; 生命值%--5.8%; 攻击力%--5.3%; ,8.953923117647415,0.5610836760245338,"Empty DataFrame
Columns: [buildName, adaptScore, difficulty]
Index: []"
143,5星 角斗士的终幕礼 空之杯; 等级:0,主属性为:【火元素伤害加成】,副属性为: 防御力%--6.6%; 元素充能效率--5.2%; 防御力--19; 攻击力%--5.8%; ,8.953923117647415,0.5479699867739564,"Empty DataFrame
Columns: [buildName, adaptScore, difficulty]
Index: []"
1,5星 深林的记忆 空之杯; 等级:4,主属性为:【火元素伤害加成】,副属性为: 暴击伤害--5.4%; 攻击力%--4.7%; 防御力--16; 生命值%--4.7%; ,9.252891590942038,0.5392319456942448,"Empty DataFrame
Columns: [buildName, adaptScore, difficulty]
Index: []"
8,5星 绝缘之旗印 空之杯; 等级:4,主属性为:【雷元素伤害加成】,副属性为: 防御力--16; 攻击力--16; 元素充能效率--5.8%; 元素精通--21; ,8.502941023016291,0.49544561640377294,"Empty DataFrame
Columns: [buildName, adaptScore, difficulty]
Index: []"
49,5星 绝缘之旗印 空之杯; 等级:0,主属性为:【岩元素伤害加成】,副属性为: 暴击伤害--5.4%; 元素精通--19; 元素充能效率--4.5%; 攻击力%--5.8%; ,9.701822572635137,0.4593780098412871,"Empty DataFrame
Columns: [buildName, adaptScore, difficulty]
Index: []"
76,5星 追忆之注连 空之杯; 等级:0,主属性为:【物理元素伤害加成】,副属性为: 防御力--16; 暴击率--2.7%; 攻击力%--4.7%; 生命值%--4.7%; ,9.252891590942038,0.3371368916960884,"Empty DataFrame
Columns: [buildName, adaptScore, difficulty]
Index: []"
73,5星 追忆之注连 空之杯; 等级:0,主属性为:【物理元素伤害加成】,副属性为: 攻击力%--5.8%; 防御力--19; 暴击伤害--5.4%; 生命值%--5.8%; ,9.252891590942038,0.3221589609350682,"Empty DataFrame
Columns: [buildName, adaptScore, difficulty]
Index: []"
47,5星 绝缘之旗印 空之杯; 等级:0,主属性为:【岩元素伤害加成】,副属性为: 暴击率--2.7%; 元素精通--19; 生命值%--4.1%; 攻击力--18; ,9.252891590942038,0.2650394473825237,"Empty DataFrame
Columns: [buildName, adaptScore, difficulty]
Index: []"
33,5星 深林的记忆 空之杯; 等级:0,主属性为:【岩元素伤害加成】,副属性为: 攻击力--18; 防御力--21; 暴击伤害--5.4%; 防御力%--7.3%; ,8.802417704636888,0.14318484056059486,"Empty DataFrame
Columns: [buildName, adaptScore, difficulty]
Index: []"
